{"cameraMode":{"drawMode":0,"name":"Shaded","section":"Shading Mode"},"sceneLighting":false,"audioPlay":false,"sceneViewState":{"m_AlwaysRefresh":false,"showFog":true,"showSkybox":false,"showFlares":true,"showImageEffects":true,"showParticleSystems":true,"showVisualEffectGraphs":true,"m_FxEnabled":true},"in2DMode":false,"pivot":{"x":-0.7573404908180237,"y":2.7325997352600099,"z":-2.9019370079040529},"rotation":{"x":0.004815768450498581,"y":0.994077205657959,"z":-0.09662649780511856,"w":0.04954250156879425},"size":4.241143226623535,"orthographic":false}